ID,Title,Description,OriginUrl,MaxWidth,MaxHeight,PriceAmount,PriceCurrencyID,IsDeleted,CreatedByID,CreatedDate,ModifiedByID,ModifiedDate
100001,Test Image 1,,https://picsum.photos/seed/image-100001/3000/2000,100,100,100,5,0,100001,10/1/2021,,
100002,Test Image 2,,https://picsum.photos/seed/image-100002/3000/2000,,,30,5,0,100001,10/1/2021,,
100003,Test Image 3,,https://picsum.photos/seed/image-100003/3000/2000,,,,,0,100001,10/1/2021,,
100004,Test Image 4,,https://picsum.photos/seed/image-100004/3000/2000,100,100,,,0,100001,10/1/2021,,
100005,Test Image 5,,https://picsum.photos/seed/image-100005/3000/2000,,,20,5,0,100001,10/1/2021,,
100006,Test Image 6,,https://picsum.photos/seed/image-100006/3000/2000,,,,,0,100001,10/1/2021,,
100007,Test Image 7,,https://picsum.photos/seed/image-100007/3000/2000,,,50,5,0,100001,10/1/2021,,
100008,Test Image 8,,https://picsum.photos/seed/image-100008/3000/2000,120,80,120,5,0,100001,10/1/2021,,
100009,Test Image 9,,https://picsum.photos/seed/image-100009/3000/2000,,,,,0,100001,10/1/2021,,
100010,Test Image 10,,https://picsum.photos/seed/image-100010/3000/2000,,,,,0,100001,10/1/2021,,
100011,Test Image 11,,https://picsum.photos/seed/image-100011/3000/2000,,,,,0,100001,10/1/2021,,
100012,Test Image 12,,https://picsum.photos/seed/image-100012/3000/2000,140,120,30,5,0,100001,10/1/2021,,
100013,Test Image 13,,https://picsum.photos/seed/image-100013/3000/2000,,,,,0,100001,10/1/2021,,
100014,Test Image 14,,https://picsum.photos/seed/image-100014/3000/2000,200,260,,,0,100001,10/1/2021,,
100015,Test Image 15,,https://picsum.photos/seed/image-100015/3000/2000,120,80,,,0,100001,10/1/2021,,
100016,Test Image 16,,https://picsum.photos/seed/image-100016/3000/2000,,,50,5,0,100001,10/1/2021,,
100017,Test Image 17,,https://picsum.photos/seed/image-100017/3000/2000,100,100,60,5,0,100001,10/1/2021,,
100018,Test Image 18,,https://picsum.photos/seed/image-100018/3000/2000,100,100,,,0,100001,10/1/2021,,
100019,Test Image 19,,https://picsum.photos/seed/image-100019/3000/2000,100,100,120,5,0,100001,10/1/2021,,
100020,Test Image 20,,https://picsum.photos/seed/image-100020/3000/2000,100,100,,,0,100001,10/1/2021,,
100021,Test Image 21,,https://picsum.photos/seed/image-100021/3000/2000,,,,,0,100001,10/1/2021,,
100022,Test Image 22,,https://picsum.photos/seed/image-100022/3000/2000,100,100,100,5,0,100001,10/1/2021,,
100023,Test Image 23,,https://picsum.photos/seed/image-100023/3000/2000,,,30,5,0,100001,10/1/2021,,
100024,Test Image 24,,https://picsum.photos/seed/image-100024/3000/2000,,,,,0,100001,10/1/2021,,
100025,Test Image 25,,https://picsum.photos/seed/image-100025/3000/2000,100,100,,,0,100001,10/1/2021,,
100026,Test Image 26,,https://picsum.photos/seed/image-100026/3000/2000,,,20,5,0,100001,10/1/2021,,
100027,Test Image 27,,https://picsum.photos/seed/image-100027/3000/2000,,,,,0,100001,10/1/2021,,
100028,Test Image 28,,https://picsum.photos/seed/image-100028/3000/2000,,,50,5,0,100001,10/1/2021,,
100029,Test Image 29,,https://picsum.photos/seed/image-100029/3000/2000,120,80,120,5,0,100001,10/1/2021,,
100030,Test Image 30,,https://picsum.photos/seed/image-100030/3000/2000,,,,,0,100001,10/1/2021,,
100031,Test Image 31,,https://picsum.photos/seed/image-100031/3000/2000,,,,,0,100001,10/1/2021,,
100032,Test Image 32,,https://picsum.photos/seed/image-100032/3000/2000,,,,,0,100001,10/1/2021,,
100033,Test Image 33,,https://picsum.photos/seed/image-100033/3000/2000,140,120,30,5,0,100001,10/1/2021,,
100034,Test Image 34,,https://picsum.photos/seed/image-100034/3000/2000,,,,,0,100001,10/1/2021,,
100035,Test Image 35,,https://picsum.photos/seed/image-100035/3000/2000,200,260,,,0,100001,10/1/2021,,
100036,Test Image 36,,https://picsum.photos/seed/image-100036/3000/2000,120,80,,,0,100001,10/1/2021,,
100037,Test Image 37,,https://picsum.photos/seed/image-100037/3000/2000,,,50,5,0,100001,10/1/2021,,
100038,Test Image 38,,https://picsum.photos/seed/image-100038/3000/2000,100,100,60,5,0,100001,10/1/2021,,
100039,Test Image 39,,https://picsum.photos/seed/image-100039/3000/2000,100,100,,,0,100001,10/1/2021,,
100040,Test Image 40,,https://picsum.photos/seed/image-100040/3000/2000,100,100,120,5,0,100001,10/1/2021,,
100041,Test Image 41,,https://picsum.photos/seed/image-100041/3000/2000,100,100,,,0,100001,10/1/2021,,
100042,Test Image 42,,https://picsum.photos/seed/image-100042/3000/2000,,,,,0,100001,10/1/2021,,
100043,Test Image 43,,https://picsum.photos/seed/image-100043/3000/2000,,,,,0,100001,10/1/2021,,
100044,Test Image 44,,https://picsum.photos/seed/image-100044/3000/2000,100,100,120,5,0,100001,10/1/2021,,
100045,Test Image 45,,https://picsum.photos/seed/image-100045/3000/2000,,,,,0,100001,10/1/2021,,
100046,Test Image 46,,https://picsum.photos/seed/image-100046/3000/2000,,,,,0,100001,10/1/2021,,
100047,Test Image 47,,https://picsum.photos/seed/image-100047/3000/2000,140,120,30,5,0,100001,10/1/2021,,
100048,Test Image 48,,https://picsum.photos/seed/image-100048/3000/2000,,,,,0,100001,10/1/2021,,
100049,Test Image 49,,https://picsum.photos/seed/image-100049/3000/2000,200,260,,,0,100001,10/1/2021,,
100050,Test Image 50,,https://picsum.photos/seed/image-100050/3000/2000,120,80,,,0,100001,10/1/2021,,
